nome,cpf
Tatiana Ribeiro Cardoso,77812334252
Simone Silva Ferreira,83981468180
Tatiana Mendes Correia,01360837221
Renato Moura Freitas,65918858709
Diego Correia Rodrigues,05402656592
Isabela Ribeiro Oliveira,44453634218
Kleber Almeida Moreira,86591163808
Camila Castro Pereira,20208106979
Camila Silva Barbosa,36409635800
Diego Dias Carvalho,21507222750
Valéria Rocha Martins,67984531714
Fábio Cavalcanti Correia,71277898359
Yasmin Freitas Correia,97609098043
Tatiana Souza Gomes,19627812757
Bruno Pinto Ferreira,64289225411
Fábio Oliveira Correia,43007170958
Simone Santos Costa,40890827494
João Mendes Nunes,66526315127
Karina Rocha Rodrigues,27007567541
Patrícia Freitas Ferreira,92540442706
Thiago Rodrigues Carvalho,12199340970
Daniel Souza Lima,31271045885
Yasmin Pereira Almeida,31405949414
Eduarda Teixeira Dias,71104883651
Lucas Pinto Castro,49757329398
Fábio Rodrigues Ribeiro,17843252100
Rafael Rodrigues Castro,34717647122
Júlia Correia Rodrigues,96388271570
Patrícia Santos Souza,38934467371
Bernardo Almeida Castro,94721511671
Vinícius Barbosa Silva,01576951405
Felipe Dias Pinto,10869724061
Diego Nunes Cardoso,32688007696
Giovana Santos Dias,84116809837
Lucas Lima Costa,39435716458
Isabela Gomes Araújo,59880811690
Felipe Rodrigues Pereira,93290870600
Pedro Teixeira Cardoso,52935156161
Tatiana Oliveira Barbosa,94640342624
Diego Souza Lima,25854491494
César Moreira Pinto,93908192889
Sabrina Moreira Pereira,07745545501
Gabriela Mendes Azevedo,73547209765
Amanda Cardoso Ferreira,10421279729
Xênia Barbosa Cardoso,75424003206
Gabriela Souza Rodrigues,85464183140
Kleber Lima Cavalcanti,12324317451
Thiago Mendes Pereira,48830425613
Amanda Oliveira Lima,41170760430
Karina Barbosa Carvalho,23548055869
Hugo Teixeira Rocha,81359112383
Wesley Santos Costa,31195233213
Júlia Gomes Ferreira,50844111686
Giovana Rocha Azevedo,10993805612
Olívia Dias Cardoso,93173938534
Eduarda Cardoso Teixeira,02579605622
Bruno Martins Santos,08221883417
Karina Correia Rocha,58725216422
César Pinto Martins,20848826728
Yasmin Santos Rodrigues,10107377403
Rafael Santos Martins,94354528509
Lucas Araújo Correia,60114706530
Xênia Souza Ferreira,38436724070
Valéria Oliveira Lima,33238487809
Marcelo Gomes Rodrigues,80495460800
Vinícius Gomes Castro,29220901161
Lucas Moreira Rodrigues,47088214172
Zeca Santos Dias,36138793285
Beatriz Rocha Costa,26015356790
Kleber Oliveira Teixeira,51965172350
Mariana Martins Costa,35658153379
Thiago Dias Ferreira,30348569467
Giovana Barbosa Martins,01159545707
Giovana Cardoso Freitas,85962722167
Karina Pereira Moreira,34815672512
Diego Teixeira Rocha,01997785404
Ana Costa Rocha,93241214486
Thiago Rocha Barbosa,53873786630
Valéria Pinto Mendes,74472747472
Sabrina Pinto Moura,01520605889
Thiago Rocha Moreira,99674126821
Rafael Pereira Costa,37385906176
César Oliveira Moura,89008420562
Simone Ribeiro Moura,30594502420
Larissa Gomes Castro,84410698400
Beatriz Araújo Azevedo,16919249707
Xênia Ferreira Rodrigues,74561687254
Mariana Pinto Gomes,09570419776
Felipe Rodrigues Moura,46753194088
Hugo Ribeiro Mendes,21069803103
Henrique Nunes Lima,83881452664
Débora Rodrigues Costa,52522812700
Patrícia Moura Rodrigues,60677011385
Camila Pereira Lima,31245780743
Olívia Moreira Teixeira,23897535904
Pedro Barbosa Dias,61340699060
César Silva Ferreira,88240177468
Marcelo Cardoso Castro,61258655411
Débora Souza Teixeira,34701553301
Otávio Teixeira Rodrigues,96157654651
Inês Martins Moreira,31325250570
Sabrina Silva Azevedo,69098432662
Daniel Ferreira Rocha,30958111286
Olívia Moreira Cavalcanti,29731622543
Tatiana Azevedo Costa,21435926986
Ana Dias Carvalho,67387572127
Amanda Cavalcanti Rocha,95076308728
Karina Silva Ribeiro,98089950396
Mariana Cardoso Moreira,95226697171
Wesley Barbosa Ribeiro,47876982220
Rafael Martins Cavalcanti,22615769944
César Carvalho Araújo,34452335004
Kleber Mendes Correia,17941188538
Daniel Martins Barbosa,51219173762
Otávio Araújo Nunes,42003202587
Xênia Souza Gomes,32357356154
Yasmin Castro Nunes,19264905685
Natália Ferreira Rocha,63480758509
Amanda Dias Costa,55103195429
Inês Silva Moreira,92351442210
Xênia Dias Rocha,60115073876
Fábio Moura Santos,85792131007
Amanda Correia Moreira,98845284115
Lucas Ribeiro Ferreira,74191516280
Eduarda Freitas Oliveira,93601268701
Júlia Cardoso Pereira,79799957834
Felipe Araújo Rocha,19210393104
Vinícius Moura Gomes,92632745500
Wesley Ribeiro Gomes,10420584587
Diego Rodrigues Carvalho,92927085625
Natália Nunes Araújo,14390834959
Carla Araújo Cardoso,83896023268
Nicolas Cardoso Costa,55263674287
Fábio Ferreira Dias,11660451450
Yasmin Rocha Lima,71128456109
Olívia Ribeiro Gomes,19076852944
Marcelo Pereira Lima,67800319253
Valéria Barbosa Cardoso,53763268456
Beatriz Barbosa Freitas,36332794402
Renato Freitas Castro,14833254310
Nicolas Mendes Carvalho,77047743367
Débora Pereira Moreira,19168255403
Giovana Pereira Mendes,02903622701
João Mendes Silva,87721360650
William Cavalcanti Lima,92751990002
Yasmin Costa Ferreira,62928105697
Vinícius Cavalcanti Rodrigues,33784017886
Simone Rodrigues Pereira,86904909064
Patrícia Freitas Ferreira,28180928411
Rafael Moura Gomes,81125488972
Júlia Correia Almeida,25664691050
Renato Teixeira Rodrigues,72282064879
Renato Freitas Souza,44565843510
Júlia Mendes Ribeiro,08188082414
Júlia Freitas Rodrigues,78961566873
Giovana Azevedo Gomes,07982851924
Otávio Souza Costa,96153785859
Olívia Nunes Freitas,44694888013
João Silva Pereira,42587197732
Natália Pereira Nunes,49430701088
Nicolas Oliveira Freitas,91332592406
Henrique Correia Azevedo,12241669490
Inês Oliveira Freitas,71773919245
William Souza Mendes,37817106371
Thiago Pinto Gomes,53819298460
Yasmin Oliveira Rocha,21141254670
Rafael Almeida Freitas,65906971165
Nicolas Ribeiro Dias,75912744221
Vinícius Santos Castro,95546198397
Elaine Azevedo Cavalcanti,09750494458
Xênia Martins Costa,18503084112
Amanda Moura Santos,34358586805
Ana Cardoso Costa,68220679905
Yasmin Azevedo Pereira,60458599441
Gabriela Moreira Rocha,65224717795
Vinícius Oliveira Oliveira,53138688101
Quésia Rodrigues Castro,17162753930
Thiago Castro Castro,88698865810
Yasmin Martins Almeida,34980347231
Marcelo Santos Oliveira,74250140091
Quésia Moreira Pinto,76398480678
Natália Castro Rocha,52386468283
Kleber Azevedo Rocha,89409361168
Patrícia Oliveira Lima,06180562113
Úrsula Rocha Souza,86588533144
Gabriela Freitas Pereira,49796939894
Patrícia Rocha Pereira,90762626402
Xênia Freitas Martins,00256908095
Tatiana Lima Pinto,03743191890
Larissa Teixeira Cardoso,45365698630
Zeca Ribeiro Pereira,13618527128
Eduarda Mendes Oliveira,56089624438
Olívia Dias Lima,02543348573
Giovana Pereira Azevedo,05012746694
Júlia Cavalcanti Ferreira,70100351646
Renato Oliveira Lima,33133822314
Elaine Nunes Gomes,92199589960
Otávio Almeida Moreira,69166056349
Olívia Moura Almeida,62299825959
Simone Dias Araújo,65401050704
Ana Barbosa Carvalho,64044374732
Isabela Teixeira Cavalcanti,42050209290
Nicolas Almeida Azevedo,39192325181
Marcelo Dias Mendes,35198578630
Henrique Freitas Pinto,36009116279
Vinícius Rocha Carvalho,66077473880
Fábio Souza Costa,82086542216
Marcelo Araújo Rodrigues,39697601437
Júlia Moreira Castro,13975684372
Otávio Rodrigues Barbosa,75486496907
Henrique Ribeiro Freitas,22965474005
Kleber Cavalcanti Teixeira,38017858310
Olívia Carvalho Nunes,74959627123
Felipe Dias Silva,97886232046
Valéria Teixeira Gomes,66365012608
Úrsula Nunes Moreira,72792557796
Mariana Cavalcanti Castro,16591876642
Carla Castro Cardoso,15820594380
Pedro Carvalho Oliveira,77081040683
Mariana Almeida Martins,57069273835
Vinícius Pereira Azevedo,81026269768
Camila Rocha Castro,01785794248
Tatiana Pereira Santos,28639400903
Beatriz Moura Santos,11961527561
Yasmin Ribeiro Cardoso,05384633417
Valéria Moura Ribeiro,68959741302
Isabela Moreira Costa,66652899744
Valéria Gomes Rodrigues,68003652626
João Moura Santos,76049458642
Wesley Martins Rocha,93010423470
Gabriela Araújo Cavalcanti,71570539421
Elaine Gomes Lima,20964695111
Natália Correia Barbosa,51143690915
Fábio Teixeira Nunes,31642452971
Valéria Lima Castro,75985587606
Bruno Correia Pinto,06042943790
Yasmin Correia Silva,77563337210
Wesley Moreira Barbosa,77507675840
Eduarda Martins Pinto,93922197922
Débora Cardoso Santos,58698429807
Natália Pinto Cardoso,89467179393
Renato Costa Martins,55944641746
Bruno Cardoso Rocha,43835395050
Mariana Ribeiro Pinto,09627609510
Nicolas Souza Costa,88626154933
Débora Cardoso Martins,49107751532
Felipe Araújo Cardoso,39907175617
Fábio Costa Teixeira,98786281402
Felipe Dias Ferreira,10237842700
Vinícius Freitas Ribeiro,22556904976
William Ribeiro Pereira,81559390069
Henrique Correia Ferreira,89143514758
Bruno Araújo Nunes,48554257375
Fábio Araújo Rocha,00151235880
Patrícia Ribeiro Dias,32755581298
Henrique Cavalcanti Araújo,83760861890
Sabrina Gomes Azevedo,60724168028
Elaine Correia Castro,44880170968
Valéria Rocha Cavalcanti,91183774087
Henrique Rodrigues Santos,93221386451
